<?xml version="1.0" encoding="UTF-8"?>

<beans xmlns="http://www.springframework.org/schema/beans" xmlns:xsi="http://www.w3.org/2001/XMLSchema-instance"
		xmlns:p="http://www.springframework.org/schema/p" xmlns:context="http://www.springframework.org/schema/context"
		xsi:schemaLocation="http://www.springframework.org/schema/beans http://www.springframework.org/schema/beans/spring-beans-2.5.xsd
				http://www.springframework.org/schema/context http://www.springframework.org/schema/context/spring-context-2.5.xsd">

	<context:component-scan base-package="org.springframework.samples.petclinic.web"/>

	<bean class="org.springframework.web.servlet.mvc.annotation.AnnotationMethodHandlerAdapter">
		<property name="webBindingInitializer">
			<bean class="org.springframework.samples.petclinic.web.ClinicBindingInitializer"/>
		</property>
	</bean>

	<bean class="org.springframework.web.servlet.handler.SimpleMappingExceptionResolver">
		<property name="exceptionMappings">
			<props>
				<prop key="org.springframework.dao.DataAccessException">dataAccessFailure</prop>
				<prop key="org.springframework.transaction.TransactionException">dataAccessFailure</prop>
			</props>
		</property>
	</bean>

	<bean class="org.springframework.web.servlet.view.InternalResourceViewResolver" p:prefix="/WEB-INF/jsp/"
			p:suffix=".jsp"/>

	<bean id="messageSource" class="org.springframework.context.support.ResourceBundleMessageSource"
			p:basename="messages"/>

</beans>
